Ticket,Type,Volume,OpenPrice,ClosePrice,Profit,Commission,Swap,OpenTime,CloseTime
6,1,11.8,25447.95,25528.29,948.01,0.0,0.0,2026.01.02 07:04,2026.01.02 10:21
7,1,5.9,25447.95,25607.18,939.46,0.0,0.0,2026.01.02 07:04,2026.01.02 16:50
8,1,5.9,25447.95,25447.75,-1.18,0.0,0.0,2026.01.02 07:04,2026.01.02 17:14
9,1,5.9,25447.95,25447.75,-1.18,0.0,0.0,2026.01.02 07:04,2026.01.02 17:14
14,1,12.1,25299.86,25374.63,904.72,0.0,0.0,2026.01.05 03:49,2026.01.05 10:19
15,1,6.1,25299.86,25449.62,913.54,0.0,0.0,2026.01.05 03:49,2026.01.05 16:04
16,1,6.1,25299.86,25499.57,1218.23,0.0,0.0,2026.01.05 03:49,2026.01.05 16:30
17,1,6.1,25299.86,25417.72,718.95,0.0,0.0,2026.01.05 03:49,2026.01.05 20:16
22,1,6.2,25630.77,25579.31,-319.05,0.0,0.0,2026.01.07 08:28,2026.01.07 11:06
23,1,12.4,25630.77,25579.31,-638.1,0.0,0.0,2026.01.07 08:28,2026.01.07 11:06
24,1,6.2,25630.77,25579.31,-319.05,0.0,0.0,2026.01.07 08:28,2026.01.07 11:06
25,1,6.2,25630.77,25579.31,-319.05,0.0,0.0,2026.01.07 08:28,2026.01.07 11:06
30,1,12.2,25607.8,25690.93,1014.19,0.0,0.0,2026.01.07 15:36,2026.01.07 16:41
31,1,6.1,25607.8,25771.23,996.92,0.0,0.0,2026.01.07 15:36,2026.01.07 18:43
32,1,6.1,25607.8,25824.72,1323.21,0.0,0.0,2026.01.07 15:36,2026.01.07 19:07
33,1,6.1,25607.8,25705.03,593.1,0.0,0.0,2026.01.07 15:36,2026.01.07 22:14
38,1,6.3,25630.09,25578.64,-324.14,0.0,0.0,2026.01.08 16:00,2026.01.08 16:31
39,1,12.6,25630.09,25578.64,-648.27,0.0,0.0,2026.01.08 16:00,2026.01.08 16:31
40,1,6.3,25630.09,25578.64,-324.14,0.0,0.0,2026.01.08 16:00,2026.01.08 16:31
41,1,6.3,25630.09,25578.64,-324.14,0.0,0.0,2026.01.08 16:00,2026.01.08 16:31
46,0,6.3,25536.33,25587.46,-322.12,0.0,0.0,2026.01.09 02:21,2026.01.09 13:22
47,0,12.5,25536.33,25587.46,-639.13,0.0,0.0,2026.01.09 02:21,2026.01.09 13:22
48,0,6.3,25536.33,25587.46,-322.12,0.0,0.0,2026.01.09 02:21,2026.01.09 13:22
49,0,6.3,25536.33,25587.46,-322.12,0.0,0.0,2026.01.09 02:21,2026.01.09 13:22
54,1,12.3,25591.47,25666.03,917.09,0.0,0.0,2026.01.12 15:09,2026.01.12 16:31
55,1,6.1,25591.47,25741.15,913.05,0.0,0.0,2026.01.12 15:09,2026.01.12 16:43
56,1,6.1,25591.47,25791.2,1218.35,0.0,0.0,2026.01.12 15:09,2026.01.12 18:10
57,1,6.1,25591.47,25761.59,1037.73,0.0,-36.54,2026.01.12 15:09,2026.01.13 01:49
62,1,6.3,25764.48,25712.92,-324.83,0.0,0.0,2026.01.14 02:59,2026.01.14 07:48
63,1,12.7,25764.48,25712.92,-654.81,0.0,0.0,2026.01.14 02:59,2026.01.14 07:48
64,1,6.3,25764.48,25712.92,-324.83,0.0,0.0,2026.01.14 02:59,2026.01.14 07:48
65,1,6.3,25764.48,25712.92,-324.83,0.0,0.0,2026.01.14 02:59,2026.01.14 07:48
70,1,12.6,25464.86,25544.46,1002.96,0.0,0.0,2026.01.15 03:22,2026.01.15 08:15
71,1,6.3,25464.86,25622.58,993.64,0.0,0.0,2026.01.15 03:22,2026.01.15 11:10
72,1,6.3,25464.86,25674.64,1321.61,0.0,0.0,2026.01.15 03:22,2026.01.15 11:36
73,1,6.3,25464.86,25693.85,1442.64,0.0,0.0,2026.01.15 03:22,2026.01.15 21:04
78,1,13.1,25650.03,25724.31,973.07,0.0,0.0,2026.01.16 05:46,2026.01.16 12:46
79,1,6.6,25650.03,25650.05,0.13,0.0,0.0,2026.01.16 05:46,2026.01.16 16:54
80,1,6.6,25650.03,25650.05,0.13,0.0,0.0,2026.01.16 05:46,2026.01.16 16:54
81,1,6.6,25650.03,25650.05,0.13,0.0,0.0,2026.01.16 05:46,2026.01.16 16:54
86,1,6.8,25080.67,25030.3,-342.52,0.0,0.0,2026.01.21 05:45,2026.01.21 11:48
87,1,13.5,25080.67,25030.3,-680.0,0.0,0.0,2026.01.21 05:45,2026.01.21 11:48
88,1,6.8,25080.67,25030.3,-342.52,0.0,0.0,2026.01.21 05:45,2026.01.21 11:48
89,1,6.8,25080.67,25030.3,-342.52,0.0,0.0,2026.01.21 05:45,2026.01.21 11:48
94,1,6.5,25552.69,25501.34,-333.78,0.0,0.0,2026.01.23 04:37,2026.01.23 10:30
95,1,13.1,25552.69,25501.34,-672.69,0.0,0.0,2026.01.23 04:37,2026.01.23 10:30
96,1,6.5,25552.69,25501.34,-333.78,0.0,0.0,2026.01.23 04:37,2026.01.23 10:30
97,1,6.5,25552.69,25501.34,-333.78,0.0,0.0,2026.01.23 04:37,2026.01.23 10:30
102,1,6.4,25559.06,25507.64,-329.09,0.0,0.0,2026.01.26 08:45,2026.01.26 11:44
103,1,12.9,25559.06,25507.64,-663.32,0.0,0.0,2026.01.26 08:45,2026.01.26 11:44
104,1,6.4,25559.06,25507.64,-329.09,0.0,0.0,2026.01.26 08:45,2026.01.26 11:44
105,1,6.4,25559.06,25507.64,-329.09,0.0,0.0,2026.01.26 08:45,2026.01.26 11:44
110,1,12.7,25567.11,25638.32,904.37,0.0,0.0,2026.01.26 14:48,2026.01.26 16:30
111,1,6.3,25567.11,25711.99,912.74,0.0,0.0,2026.01.26 14:48,2026.01.26 16:41
112,1,6.3,25567.11,25760.68,1219.49,0.0,0.0,2026.01.26 14:48,2026.01.26 17:19
113,1,6.3,25567.11,25869.61,1905.75,0.0,-37.74,2026.01.26 14:48,2026.01.27 16:30
118,1,6.5,26158.06,26105.48,-341.77,0.0,0.0,2026.01.28 16:47,2026.01.28 17:15
119,1,13.0,26158.06,26105.48,-683.54,0.0,0.0,2026.01.28 16:47,2026.01.28 17:15
120,1,6.5,26158.06,26105.48,-341.77,0.0,0.0,2026.01.28 16:47,2026.01.28 17:15
121,1,6.5,26158.06,26105.48,-341.77,0.0,0.0,2026.01.28 16:47,2026.01.28 17:15
126,1,6.4,26136.73,26084.46,-334.53,0.0,0.0,2026.01.29 08:47,2026.01.29 12:57
127,1,12.8,26136.73,26084.46,-669.06,0.0,0.0,2026.01.29 08:47,2026.01.29 12:57
128,1,6.4,26136.73,26084.46,-334.53,0.0,0.0,2026.01.29 08:47,2026.01.29 12:57
129,1,6.4,26136.73,26084.46,-334.53,0.0,0.0,2026.01.29 08:47,2026.01.29 12:57
134,0,6.4,25725.14,25776.69,-329.92,0.0,0.0,2026.01.30 04:55,2026.01.30 05:09
135,0,12.8,25725.14,25776.69,-659.84,0.0,0.0,2026.01.30 04:55,2026.01.30 05:09
136,0,6.4,25725.14,25776.69,-329.92,0.0,0.0,2026.01.30 04:55,2026.01.30 05:09
137,0,6.4,25725.14,25776.69,-329.92,0.0,0.0,2026.01.30 04:55,2026.01.30 05:09
142,1,6.4,25394.56,25343.39,-327.49,0.0,0.0,2026.02.04 10:03,2026.02.04 10:26
143,1,12.8,25394.56,25343.39,-654.98,0.0,0.0,2026.02.04 10:03,2026.02.04 10:26
144,1,6.4,25394.56,25343.39,-327.49,0.0,0.0,2026.02.04 10:03,2026.02.04 10:26
145,1,6.4,25394.56,25343.39,-327.49,0.0,0.0,2026.02.04 10:03,2026.02.04 10:26
150,1,6.3,25363.87,25313.05,-320.17,0.0,0.0,2026.02.04 14:05,2026.02.04 14:39
151,1,12.6,25363.87,25313.05,-640.33,0.0,0.0,2026.02.04 14:05,2026.02.04 14:39
152,1,6.3,25363.87,25313.05,-320.17,0.0,0.0,2026.02.04 14:05,2026.02.04 14:39
153,1,6.3,25363.87,25313.05,-320.17,0.0,0.0,2026.02.04 14:05,2026.02.04 14:39
158,1,6.3,25028.38,24978.19,-316.2,0.0,0.0,2026.02.05 03:24,2026.02.05 04:12
159,1,12.6,25028.38,24978.19,-632.39,0.0,0.0,2026.02.05 03:24,2026.02.05 04:12
160,1,6.3,25028.38,24978.19,-316.2,0.0,0.0,2026.02.05 03:24,2026.02.05 04:12
161,1,6.3,25028.38,24978.19,-316.2,0.0,0.0,2026.02.05 03:24,2026.02.05 04:12
166,0,6.2,24896.92,24946.71,-308.7,0.0,0.0,2026.02.05 06:40,2026.02.05 07:40
167,0,12.4,24896.92,24946.71,-617.4,0.0,0.0,2026.02.05 06:40,2026.02.05 07:40
168,0,6.2,24896.92,24946.71,-308.7,0.0,0.0,2026.02.05 06:40,2026.02.05 07:40
169,0,6.2,24896.92,24946.71,-308.7,0.0,0.0,2026.02.05 06:40,2026.02.05 07:40
174,1,6.1,25104.0,25053.7,-306.83,0.0,0.0,2026.02.09 10:29,2026.02.09 11:38
175,1,12.1,25104.0,25053.7,-608.63,0.0,0.0,2026.02.09 10:29,2026.02.09 11:38
176,1,6.1,25104.0,25053.7,-306.83,0.0,0.0,2026.02.09 10:29,2026.02.09 11:38
177,1,6.1,25104.0,25053.7,-306.83,0.0,0.0,2026.02.09 10:29,2026.02.09 11:38
182,1,5.9,25241.09,25190.5,-298.48,0.0,0.0,2026.02.11 04:40,2026.02.11 09:11
183,1,11.9,25241.09,25190.5,-602.02,0.0,0.0,2026.02.11 04:40,2026.02.11 09:11
184,1,5.9,25241.09,25190.5,-298.48,0.0,0.0,2026.02.11 04:40,2026.02.11 09:11
185,1,5.9,25241.09,25190.5,-298.48,0.0,0.0,2026.02.11 04:40,2026.02.11 09:11
190,1,11.7,25288.78,25361.84,854.8,0.0,0.0,2026.02.11 16:36,2026.02.11 16:46
191,1,5.8,25288.78,25238.07,-294.12,0.0,0.0,2026.02.11 16:36,2026.02.11 16:57
192,1,5.8,25288.78,25238.07,-294.12,0.0,0.0,2026.02.11 16:36,2026.02.11 16:57
193,1,5.8,25288.78,25238.07,-294.12,0.0,0.0,2026.02.11 16:36,2026.02.11 16:57
198,1,11.7,25213.09,25294.62,953.9,0.0,0.0,2026.02.12 04:17,2026.02.12 10:00
199,1,5.9,25213.09,25213.14,0.3,0.0,0.0,2026.02.12 04:17,2026.02.12 16:45
200,1,5.9,25213.09,25213.14,0.3,0.0,0.0,2026.02.12 04:17,2026.02.12 16:45
201,1,5.9,25213.09,25213.14,0.3,0.0,0.0,2026.02.12 04:17,2026.02.12 16:45
206,1,12.0,24767.11,24836.98,838.44,0.0,0.0,2026.02.16 03:00,2026.02.16 10:21
207,1,6.0,24767.11,24717.53,-297.48,0.0,0.0,2026.02.16 03:00,2026.02.16 16:15
208,1,6.0,24767.11,24717.53,-297.48,0.0,0.0,2026.02.16 03:00,2026.02.16 16:15
209,1,6.0,24767.11,24717.53,-297.48,0.0,0.0,2026.02.16 03:00,2026.02.16 16:15
214,0,6.0,24673.46,24722.97,-297.06,0.0,0.0,2026.02.18 03:56,2026.02.18 05:49
215,0,12.1,24673.46,24722.97,-599.07,0.0,0.0,2026.02.18 03:56,2026.02.18 05:49
216,0,6.0,24673.46,24722.97,-297.06,0.0,0.0,2026.02.18 03:56,2026.02.18 05:49
217,0,6.0,24673.46,24722.97,-297.06,0.0,0.0,2026.02.18 03:56,2026.02.18 05:49
222,1,11.8,24911.1,24985.68,880.04,0.0,0.0,2026.02.19 04:57,2026.02.19 09:37
223,1,5.9,24911.1,24861.21,-294.35,0.0,0.0,2026.02.19 04:57,2026.02.19 11:36
224,1,5.9,24911.1,24861.21,-294.35,0.0,0.0,2026.02.19 04:57,2026.02.19 11:36
225,1,5.9,24911.1,24861.21,-294.35,0.0,0.0,2026.02.19 04:57,2026.02.19 11:36
230,0,11.8,24781.89,24710.13,846.77,0.0,0.0,2026.02.20 15:15,2026.02.20 15:33
231,0,5.9,24781.89,24637.13,854.08,0.0,0.0,2026.02.20 15:15,2026.02.20 16:30
232,0,5.9,24781.89,24782.1,-1.24,0.0,0.0,2026.02.20 15:15,2026.02.20 16:35
233,0,5.9,24781.89,24782.1,-1.24,0.0,0.0,2026.02.20 15:15,2026.02.20 16:35
238,1,12.0,24841.88,24914.48,871.2,0.0,0.0,2026.02.23 10:05,2026.02.23 11:03
239,1,6.0,24841.88,24841.85,-0.18,0.0,0.0,2026.02.23 10:05,2026.02.23 14:32
240,1,6.0,24841.88,24841.85,-0.18,0.0,0.0,2026.02.23 10:05,2026.02.23 14:32
241,1,6.0,24841.88,24841.85,-0.18,0.0,0.0,2026.02.23 10:05,2026.02.23 14:32
246,1,12.0,25025.69,25099.93,890.88,0.0,0.0,2026.02.25 11:05,2026.02.25 14:20
247,1,6.0,25025.69,25174.82,894.78,0.0,0.0,2026.02.25 11:05,2026.02.25 16:30
248,1,6.0,25025.69,25224.21,1191.12,0.0,0.0,2026.02.25 11:05,2026.02.25 16:40
249,1,6.0,25025.69,25266.83,1446.84,0.0,-35.94,2026.02.25 11:05,2026.02.26 01:41
254,1,6.2,25317.74,25267.08,-314.09,0.0,0.0,2026.02.26 10:38,2026.02.26 16:30
255,1,12.4,25317.74,25267.08,-628.18,0.0,0.0,2026.02.26 10:38,2026.02.26 16:30
256,1,6.2,25317.74,25267.08,-314.09,0.0,0.0,2026.02.26 10:38,2026.02.26 16:30
257,1,6.2,25317.74,25267.08,-314.09,0.0,0.0,2026.02.26 10:38,2026.02.26 16:30
262,1,6.2,25024.61,24974.53,-310.5,0.0,0.0,2026.02.27 10:13,2026.02.27 12:04
263,1,12.4,25024.61,24974.53,-620.99,0.0,0.0,2026.02.27 10:13,2026.02.27 12:04
264,1,6.2,25024.61,24974.53,-310.5,0.0,0.0,2026.02.27 10:13,2026.02.27 12:04
265,1,6.2,25024.61,24974.53,-310.5,0.0,0.0,2026.02.27 10:13,2026.02.27 12:04
270,0,12.2,24938.08,24859.49,958.8,0.0,0.0,2026.03.06 13:21,2026.03.06 13:42
271,0,6.1,24938.08,24782.02,951.97,0.0,0.0,2026.03.06 13:21,2026.03.06 15:30
272,0,6.1,24938.08,24731.31,1261.3,0.0,0.0,2026.03.06 13:21,2026.03.06 15:41
273,0,6.1,24938.08,24878.25,364.96,0.0,0.0,2026.03.06 13:21,2026.03.06 18:04
278,1,6.3,25074.66,25024.38,-316.76,0.0,0.0,2026.03.11 05:31,2026.03.11 08:46
279,1,12.6,25074.66,25024.38,-633.53,0.0,0.0,2026.03.11 05:31,2026.03.11 08:46
280,1,6.3,25074.66,25024.38,-316.76,0.0,0.0,2026.03.11 05:31,2026.03.11 08:46
281,1,6.3,25074.66,25024.38,-316.76,0.0,0.0,2026.03.11 05:31,2026.03.11 08:46
286,0,12.5,24842.02,24770.91,888.88,0.0,0.0,2026.03.12 16:03,2026.03.12 16:20
287,0,6.3,24842.02,24698.38,904.93,0.0,0.0,2026.03.12 16:03,2026.03.12 16:47
288,0,6.3,24842.02,24650.2,1208.47,0.0,0.0,2026.03.12 16:03,2026.03.12 16:55
289,0,6.3,24842.02,24640.36,1270.46,0.0,6.9399999999999995,2026.03.12 16:03,2026.03.13 03:35
294,1,13.2,24648.03,24717.83,921.36,0.0,0.0,2026.03.13 16:03,2026.03.13 16:42
295,1,6.6,24648.03,24789.01,930.47,0.0,0.0,2026.03.13 16:03,2026.03.13 16:45
296,1,6.6,24648.03,24648.0,-0.2,0.0,0.0,2026.03.13 16:03,2026.03.13 17:17
297,1,6.6,24648.03,24648.0,-0.2,0.0,0.0,2026.03.13 16:03,2026.03.13 17:17
302,1,13.4,24501.83,24578.6,1028.72,0.0,0.0,2026.03.16 04:31,2026.03.16 09:12
303,1,6.7,24501.83,24654.01,1019.61,0.0,0.0,2026.03.16 04:31,2026.03.16 15:09
304,1,6.7,24501.83,24704.5,1357.89,0.0,0.0,2026.03.16 04:31,2026.03.16 16:33
305,1,6.7,24501.83,24662.96,1079.57,0.0,0.0,2026.03.16 04:31,2026.03.16 22:47
310,0,14.0,24405.96,24327.4,1099.84,0.0,0.0,2026.03.20 08:26,2026.03.20 10:00
311,0,7.0,24405.96,24406.18,-1.54,0.0,0.0,2026.03.20 08:26,2026.03.20 10:44
312,0,7.0,24405.96,24406.18,-1.54,0.0,0.0,2026.03.20 08:26,2026.03.20 10:44
313,0,7.0,24405.96,24406.18,-1.54,0.0,0.0,2026.03.20 08:26,2026.03.20 10:44
318,0,7.2,24186.82,24235.45,-350.14,0.0,0.0,2026.03.25 06:36,2026.03.25 07:18
319,0,14.3,24186.82,24235.45,-695.41,0.0,0.0,2026.03.25 06:36,2026.03.25 07:18
320,0,7.2,24186.82,24235.45,-350.14,0.0,0.0,2026.03.25 06:36,2026.03.25 07:18
321,0,7.2,24186.82,24235.45,-350.14,0.0,0.0,2026.03.25 06:36,2026.03.25 07:18
326,0,7.0,24196.59,24244.98,-338.73,0.0,0.0,2026.03.25 09:50,2026.03.25 11:00
327,0,14.1,24196.59,24244.98,-682.3,0.0,0.0,2026.03.25 09:50,2026.03.25 11:00
328,0,7.0,24196.59,24244.98,-338.73,0.0,0.0,2026.03.25 09:50,2026.03.25 11:00
329,0,7.0,24196.59,24244.98,-338.73,0.0,0.0,2026.03.25 09:50,2026.03.25 11:00
334,1,7.1,23754.69,23706.98,-338.74,0.0,0.0,2026.03.27 09:00,2026.03.27 10:08
335,1,14.1,23754.69,23706.98,-672.71,0.0,0.0,2026.03.27 09:00,2026.03.27 10:08
336,1,7.1,23754.69,23706.98,-338.74,0.0,0.0,2026.03.27 09:00,2026.03.27 10:08
337,1,7.1,23754.69,23706.98,-338.74,0.0,0.0,2026.03.27 09:00,2026.03.27 10:08
342,1,14.3,23161.16,23231.8,1010.15,0.0,0.0,2026.03.30 08:47,2026.03.30 09:47
343,1,7.1,23161.16,23301.98,999.82,0.0,0.0,2026.03.30 08:47,2026.03.30 14:23
344,1,7.1,23161.16,23349.21,1335.16,0.0,0.0,2026.03.30 08:47,2026.03.30 14:26
345,1,7.1,23161.16,23238.75,550.89,0.0,0.0,2026.03.30 08:47,2026.03.30 16:40
350,1,7.1,24031.35,23982.66,-345.7,0.0,0.0,2026.04.02 04:00,2026.04.02 04:03
351,1,14.2,24031.35,23982.66,-691.4,0.0,0.0,2026.04.02 04:00,2026.04.02 04:03
352,1,7.1,24031.35,23982.66,-345.7,0.0,0.0,2026.04.02 04:00,2026.04.02 04:03
353,1,7.1,24031.35,23982.66,-345.7,0.0,0.0,2026.04.02 04:00,2026.04.02 04:03
358,1,7.0,23993.68,23890.6,-721.56,0.0,-125.81,2026.04.03 15:37,2026.04.06 01:00
359,1,14.0,23993.68,23890.6,-1443.12,0.0,-251.61,2026.04.03 15:37,2026.04.06 01:00
360,1,7.0,23993.68,23890.6,-721.56,0.0,-125.81,2026.04.03 15:37,2026.04.06 01:00
361,1,7.0,23993.68,23890.6,-721.56,0.0,-125.81,2026.04.03 15:37,2026.04.06 01:00
366,1,13.0,24875.48,24953.69,1016.73,0.0,0.0,2026.04.09 15:31,2026.04.09 16:29
367,1,6.5,24875.48,24825.66,-323.83,0.0,0.0,2026.04.09 15:31,2026.04.09 17:26
368,1,6.5,24875.48,24825.66,-323.83,0.0,0.0,2026.04.09 15:31,2026.04.09 17:26
369,1,6.5,24875.48,24825.66,-323.83,0.0,0.0,2026.04.09 15:31,2026.04.09 17:26
374,1,12.9,25130.67,25203.98,945.7,0.0,0.0,2026.04.10 14:54,2026.04.10 15:30
375,1,6.5,25130.67,25130.69,0.13,0.0,0.0,2026.04.10 14:54,2026.04.10 18:55
376,1,6.5,25130.67,25130.69,0.13,0.0,0.0,2026.04.10 14:54,2026.04.10 18:55
377,1,6.5,25130.67,25130.69,0.13,0.0,0.0,2026.04.10 14:54,2026.04.10 18:55
382,1,13.1,24962.56,25037.18,977.52,0.0,0.0,2026.04.13 10:24,2026.04.13 14:00
383,1,6.6,24962.56,25112.38,988.81,0.0,0.0,2026.04.13 10:24,2026.04.13 16:49
384,1,6.6,24962.56,25161.35,1312.01,0.0,0.0,2026.04.13 10:24,2026.04.13 16:59
385,1,6.6,24962.56,25833.34,5747.15,0.0,-79.08,2026.04.13 10:24,2026.04.15 08:43
390,1,13.7,25848.66,25924.06,1032.98,0.0,0.0,2026.04.15 14:47,2026.04.15 16:53
391,1,6.9,25848.66,26000.31,1046.39,0.0,0.0,2026.04.15 14:47,2026.04.15 17:30
392,1,6.9,25848.66,26051.13,1397.04,0.0,0.0,2026.04.15 14:47,2026.04.15 18:14
393,1,6.9,25848.66,26282.4,2992.81,0.0,-41.34,2026.04.15 14:47,2026.04.16 13:30
398,1,14.2,26338.6,26421.34,1174.91,0.0,0.0,2026.04.17 07:42,2026.04.17 14:31
399,1,7.1,26338.6,26502.65,1164.76,0.0,0.0,2026.04.17 07:42,2026.04.17 15:30
400,1,7.1,26338.6,26556.61,1547.87,0.0,0.0,2026.04.17 07:42,2026.04.17 15:49
401,1,7.1,26338.6,26437.25,700.42,0.0,-127.6,2026.04.17 07:42,2026.04.20 01:00
406,1,14.6,26579.22,26662.42,1214.72,0.0,0.0,2026.04.20 13:31,2026.04.20 16:08
407,1,7.3,26579.22,26579.24,0.15,0.0,0.0,2026.04.20 13:31,2026.04.20 17:41
408,1,7.3,26579.22,26579.24,0.15,0.0,0.0,2026.04.20 13:31,2026.04.20 17:41
409,1,7.3,26579.22,26579.24,0.15,0.0,0.0,2026.04.20 13:31,2026.04.20 17:41
414,1,14.6,26698.24,26782.1,1224.36,0.0,0.0,2026.04.22 06:00,2026.04.22 15:14
415,1,7.3,26698.24,26864.41,1213.04,0.0,0.0,2026.04.22 06:00,2026.04.22 17:26
416,1,7.3,26698.24,26919.33,1613.96,0.0,0.0,2026.04.22 06:00,2026.04.22 20:21
417,1,7.3,26698.24,26894.23,1430.73,0.0,-43.73,2026.04.22 06:00,2026.04.23 03:12
422,1,7.6,26865.18,26809.61,-422.33,0.0,0.0,2026.04.23 10:20,2026.04.23 11:44
423,1,15.2,26865.18,26809.61,-844.66,0.0,0.0,2026.04.23 10:20,2026.04.23 11:44
424,1,7.6,26865.18,26809.61,-422.33,0.0,0.0,2026.04.23 10:20,2026.04.23 11:44
425,1,7.6,26865.18,26809.61,-422.33,0.0,0.0,2026.04.23 10:20,2026.04.23 11:44
430,1,14.9,26891.72,26973.61,1220.16,0.0,0.0,2026.04.23 15:45,2026.04.23 16:48
431,1,7.5,26891.72,26891.71,-0.08,0.0,0.0,2026.04.23 15:45,2026.04.23 20:04
432,1,7.5,26891.72,26891.71,-0.08,0.0,0.0,2026.04.23 15:45,2026.04.23 20:04
433,1,7.5,26891.72,26891.71,-0.08,0.0,0.0,2026.04.23 15:45,2026.04.23 20:04
438,1,7.4,27331.62,27276.95,-404.56,0.0,0.0,2026.04.27 13:09,2026.04.27 15:39
439,1,14.8,27331.62,27276.95,-809.12,0.0,0.0,2026.04.27 13:09,2026.04.27 15:39
440,1,7.4,27331.62,27276.95,-404.56,0.0,0.0,2026.04.27 13:09,2026.04.27 15:39
441,1,7.4,27331.62,27276.95,-404.56,0.0,0.0,2026.04.27 13:09,2026.04.27 15:39
446,1,7.3,27147.69,27093.05,-398.87,0.0,0.0,2026.04.29 13:55,2026.04.29 15:31
447,1,14.7,27147.69,27093.05,-803.21,0.0,0.0,2026.04.29 13:55,2026.04.29 15:31
448,1,7.3,27147.69,27093.05,-398.87,0.0,0.0,2026.04.29 13:55,2026.04.29 15:31
449,1,7.3,27147.69,27093.05,-398.87,0.0,0.0,2026.04.29 13:55,2026.04.29 15:31
454,1,7.1,27456.66,27401.15,-394.12,0.0,0.0,2026.04.30 04:36,2026.04.30 05:30
455,1,14.3,27456.66,27401.15,-793.79,0.0,0.0,2026.04.30 04:36,2026.04.30 05:30
456,1,7.1,27456.66,27401.15,-394.12,0.0,0.0,2026.04.30 04:36,2026.04.30 05:30
457,1,7.1,27456.66,27401.15,-394.12,0.0,0.0,2026.04.30 04:36,2026.04.30 05:30
462,1,14.2,27248.37,27324.29,1078.06,0.0,0.0,2026.04.30 12:10,2026.04.30 12:31
463,1,7.1,27248.37,27402.35,1093.26,0.0,0.0,2026.04.30 12:10,2026.04.30 15:17
464,1,7.1,27248.37,27248.41,0.28,0.0,0.0,2026.04.30 12:10,2026.04.30 16:34
465,1,7.1,27248.37,27248.41,0.28,0.0,0.0,2026.04.30 12:10,2026.04.30 16:34
470,1,14.2,27744.83,27822.9,1108.59,0.0,0.0,2026.05.04 02:09,2026.05.04 04:56
471,1,7.1,27744.83,27744.81,-0.14,0.0,0.0,2026.05.04 02:09,2026.05.04 13:02
472,1,7.1,27744.83,27744.81,-0.14,0.0,0.0,2026.05.04 02:09,2026.05.04 13:02
473,1,7.1,27744.83,27744.81,-0.14,0.0,0.0,2026.05.04 02:09,2026.05.04 13:02
478,1,13.8,28656.7,28740.38,1154.78,0.0,0.0,2026.05.08 05:15,2026.05.08 09:28
479,1,6.9,28656.7,28824.86,1160.3,0.0,0.0,2026.05.08 05:15,2026.05.08 15:30
480,1,6.9,28656.7,28881.27,1549.53,0.0,0.0,2026.05.08 05:15,2026.05.08 15:43
481,1,6.9,28656.7,29204.51,3779.89,0.0,-124.01,2026.05.08 05:15,2026.05.11 10:16
486,1,14.3,29213.31,29298.2,1213.93,0.0,0.0,2026.05.11 11:59,2026.05.11 14:31
487,1,7.2,29213.31,29213.1,-1.51,0.0,0.0,2026.05.11 11:59,2026.05.11 16:59
488,1,7.2,29213.31,29213.1,-1.51,0.0,0.0,2026.05.11 11:59,2026.05.11 16:59
489,1,7.2,29213.31,29213.1,-1.51,0.0,0.0,2026.05.11 11:59,2026.05.11 16:59
494,0,7.3,29062.95,29121.74,-429.17,0.0,0.0,2026.05.18 14:33,2026.05.18 14:39
495,0,14.5,29062.95,29121.74,-852.46,0.0,0.0,2026.05.18 14:33,2026.05.18 14:39
496,0,7.3,29062.95,29121.74,-429.17,0.0,0.0,2026.05.18 14:33,2026.05.18 14:39
497,0,7.3,29062.95,29121.74,-429.17,0.0,0.0,2026.05.18 14:33,2026.05.18 14:39
502,1,7.2,28888.47,28830.58,-416.81,0.0,0.0,2026.05.20 02:59,2026.05.20 03:06
503,1,14.4,28888.47,28830.58,-833.62,0.0,0.0,2026.05.20 02:59,2026.05.20 03:06
504,1,7.2,28888.47,28830.58,-416.81,0.0,0.0,2026.05.20 02:59,2026.05.20 03:06
505,1,7.2,28888.47,28830.58,-416.81,0.0,0.0,2026.05.20 02:59,2026.05.20 03:06
510,0,7.1,28838.35,28896.1,-410.03,0.0,0.0,2026.05.20 06:37,2026.05.20 08:32
511,0,14.2,28838.35,28896.1,-820.05,0.0,0.0,2026.05.20 06:37,2026.05.20 08:32
512,0,7.1,28838.35,28896.1,-410.03,0.0,0.0,2026.05.20 06:37,2026.05.20 08:32
513,0,7.1,28838.35,28896.1,-410.03,0.0,0.0,2026.05.20 06:37,2026.05.20 08:32
518,1,6.9,29335.46,29276.69,-405.51,0.0,0.0,2026.05.21 08:28,2026.05.21 08:47
519,1,13.8,29335.46,29276.69,-811.03,0.0,0.0,2026.05.21 08:28,2026.05.21 08:47
520,1,6.9,29335.46,29276.69,-405.51,0.0,0.0,2026.05.21 08:28,2026.05.21 08:47
521,1,6.9,29335.46,29276.69,-405.51,0.0,0.0,2026.05.21 08:28,2026.05.21 08:47
526,1,6.6,29928.37,29868.43,-395.6,0.0,0.0,2026.05.28 12:30,2026.05.28 13:45
527,1,13.3,29928.37,29868.43,-797.2,0.0,0.0,2026.05.28 12:30,2026.05.28 13:45
528,1,6.6,29928.37,29868.43,-395.6,0.0,0.0,2026.05.28 12:30,2026.05.28 13:45
529,1,6.6,29928.37,29868.43,-395.6,0.0,0.0,2026.05.28 12:30,2026.05.28 13:45
534,1,6.5,29969.3,29909.2,-390.65,0.0,0.0,2026.05.28 16:34,2026.05.28 16:44
535,1,13.1,29969.3,29909.2,-787.31,0.0,0.0,2026.05.28 16:34,2026.05.28 16:44
536,1,6.5,29969.3,29909.2,-390.65,0.0,0.0,2026.05.28 16:34,2026.05.28 16:44
537,1,6.5,29969.3,29909.2,-390.65,0.0,0.0,2026.05.28 16:34,2026.05.28 16:44
542,1,6.3,30483.23,30422.07,-385.31,0.0,0.0,2026.06.04 10:20,2026.06.04 11:08
543,1,12.6,30483.23,30422.07,-770.62,0.0,0.0,2026.06.04 10:20,2026.06.04 11:08
544,1,6.3,30483.23,30422.07,-385.31,0.0,0.0,2026.06.04 10:20,2026.06.04 11:08
545,1,6.3,30483.23,30422.07,-385.31,0.0,0.0,2026.06.04 10:20,2026.06.04 11:08
550,0,12.5,30325.8,30231.49,1178.88,0.0,0.0,2026.06.04 12:55,2026.06.04 13:42
551,0,6.3,30325.8,30325.86,-0.38,0.0,0.0,2026.06.04 12:55,2026.06.04 16:34
552,0,6.3,30325.8,30325.86,-0.38,0.0,0.0,2026.06.04 12:55,2026.06.04 16:34
553,0,6.3,30325.8,30325.86,-0.38,0.0,0.0,2026.06.04 12:55,2026.06.04 16:34
558,1,13.1,29201.91,29294.94,1218.69,0.0,0.0,2026.06.08 11:45,2026.06.08 14:10
559,1,6.6,29201.91,29386.04,1215.26,0.0,0.0,2026.06.08 11:45,2026.06.08 14:21
560,1,6.6,29201.91,29446.39,1613.57,0.0,0.0,2026.06.08 11:45,2026.06.08 15:26
561,1,6.6,29201.91,29473.69,1793.75,0.0,0.0,2026.06.08 11:45,2026.06.08 22:10
566,1,13.3,30181.69,30273.32,1218.68,0.0,0.0,2026.06.17 07:41,2026.06.17 10:00
567,1,6.6,30181.69,30181.7,0.07,0.0,0.0,2026.06.17 07:41,2026.06.17 12:53
568,1,6.6,30181.69,30181.7,0.07,0.0,0.0,2026.06.17 07:41,2026.06.17 12:53
569,1,6.6,30181.69,30181.7,0.07,0.0,0.0,2026.06.17 07:41,2026.06.17 12:53
574,1,6.7,30205.16,30144.45,-406.76,0.0,0.0,2026.06.17 16:30,2026.06.17 16:38
575,1,13.4,30205.16,30144.45,-813.51,0.0,0.0,2026.06.17 16:30,2026.06.17 16:38
576,1,6.7,30205.16,30144.45,-406.76,0.0,0.0,2026.06.17 16:30,2026.06.17 16:38
577,1,6.7,30205.16,30144.45,-406.76,0.0,0.0,2026.06.17 16:30,2026.06.17 16:38
582,1,6.6,30132.76,30072.44,-398.11,0.0,0.0,2026.06.18 04:46,2026.06.18 07:25
583,1,13.2,30132.76,30072.44,-796.22,0.0,0.0,2026.06.18 04:46,2026.06.18 07:25
584,1,6.6,30132.76,30072.44,-398.11,0.0,0.0,2026.06.18 04:46,2026.06.18 07:25
585,1,6.6,30132.76,30072.44,-398.11,0.0,0.0,2026.06.18 04:46,2026.06.18 07:25
590,1,6.5,30362.93,30302.13,-395.2,0.0,0.0,2026.06.19 12:22,2026.06.19 13:30
591,1,12.9,30362.93,30302.13,-784.32,0.0,0.0,2026.06.19 12:22,2026.06.19 13:30
592,1,6.5,30362.93,30302.13,-395.2,0.0,0.0,2026.06.19 12:22,2026.06.19 13:30
593,1,6.5,30362.93,30302.13,-395.2,0.0,0.0,2026.06.19 12:22,2026.06.19 13:30
598,0,6.4,30325.68,30386.52,-389.38,0.0,0.0,2026.06.22 07:49,2026.06.22 08:08
599,0,12.8,30325.68,30386.52,-778.75,0.0,0.0,2026.06.22 07:49,2026.06.22 08:08
600,0,6.4,30325.68,30386.52,-389.38,0.0,0.0,2026.06.22 07:49,2026.06.22 08:08
601,0,6.4,30325.68,30386.52,-389.38,0.0,0.0,2026.06.22 07:49,2026.06.22 08:08
606,1,12.5,30493.5,30590.54,1213.0,0.0,0.0,2026.06.22 11:02,2026.06.22 15:33
607,1,6.2,30493.5,30685.33,1189.35,0.0,0.0,2026.06.22 11:02,2026.06.22 16:58
608,1,6.2,30493.5,30493.26,-1.49,0.0,0.0,2026.06.22 11:02,2026.06.22 17:30
609,1,6.2,30493.5,30493.26,-1.49,0.0,0.0,2026.06.22 11:02,2026.06.22 17:30
614,0,6.6,29500.75,29559.94,-390.65,0.0,0.0,2026.06.24 06:57,2026.06.24 08:00
615,0,13.2,29500.75,29559.94,-781.31,0.0,0.0,2026.06.24 06:57,2026.06.24 08:00
616,0,6.6,29500.75,29559.94,-390.65,0.0,0.0,2026.06.24 06:57,2026.06.24 08:00
617,0,6.6,29500.75,29559.94,-390.65,0.0,0.0,2026.06.24 06:57,2026.06.24 08:00
622,1,6.5,29568.25,29509.01,-385.06,0.0,0.0,2026.06.24 09:04,2026.06.24 14:20
623,1,12.9,29568.25,29509.01,-764.2,0.0,0.0,2026.06.24 09:04,2026.06.24 14:20
624,1,6.5,29568.25,29509.01,-385.06,0.0,0.0,2026.06.24 09:04,2026.06.24 14:20
625,1,6.5,29568.25,29509.01,-385.06,0.0,0.0,2026.06.24 09:04,2026.06.24 14:20
630,1,6.3,29995.47,29935.47,-378.0,0.0,0.0,2026.07.02 06:04,2026.07.02 07:14
631,1,12.6,29995.47,29935.47,-756.0,0.0,0.0,2026.07.02 06:04,2026.07.02 07:14
632,1,6.3,29995.47,29935.47,-378.0,0.0,0.0,2026.07.02 06:04,2026.07.02 07:14
633,1,6.3,29995.47,29935.47,-378.0,0.0,0.0,2026.07.02 06:04,2026.07.02 07:14
638,1,6.3,29374.36,29315.6,-370.19,0.0,0.0,2026.07.03 02:07,2026.07.03 03:58
639,1,12.6,29374.36,29315.6,-740.38,0.0,0.0,2026.07.03 02:07,2026.07.03 03:58
640,1,6.3,29374.36,29315.6,-370.19,0.0,0.0,2026.07.03 02:07,2026.07.03 03:58
641,1,6.3,29374.36,29315.6,-370.19,0.0,0.0,2026.07.03 02:07,2026.07.03 03:58
646,1,12.4,29513.94,29600.2,1069.62,0.0,0.0,2026.07.03 06:43,2026.07.03 07:42
647,1,6.2,29513.94,29687.4,1075.45,0.0,0.0,2026.07.03 06:43,2026.07.03 12:47
648,1,6.2,29513.94,29745.58,1436.17,0.0,-111.43,2026.07.03 06:43,2026.07.06 01:32
649,1,6.2,29513.94,29690.03,1091.76,0.0,-111.43,2026.07.03 06:43,2026.07.06 03:29
654,1,6.4,29637.28,29577.95,-379.71,0.0,0.0,2026.07.06 11:11,2026.07.06 11:16
655,1,12.8,29637.28,29577.95,-759.42,0.0,0.0,2026.07.06 11:11,2026.07.06 11:16
656,1,6.4,29637.28,29577.95,-379.71,0.0,0.0,2026.07.06 11:11,2026.07.06 11:16
657,1,6.4,29637.28,29577.95,-379.71,0.0,0.0,2026.07.06 11:11,2026.07.06 11:16
662,1,6.4,29272.91,29214.16,-376.0,0.0,0.0,2026.07.08 04:33,2026.07.08 05:00
663,1,12.7,29272.91,29214.16,-746.13,0.0,0.0,2026.07.08 04:33,2026.07.08 05:00
664,1,6.4,29272.91,29214.16,-376.0,0.0,0.0,2026.07.08 04:33,2026.07.08 05:00
665,1,6.4,29272.91,29214.16,-376.0,0.0,0.0,2026.07.08 04:33,2026.07.08 05:00
670,1,6.3,29274.76,29216.15,-369.24,0.0,0.0,2026.07.08 06:50,2026.07.08 07:33
671,1,12.6,29274.76,29216.15,-738.49,0.0,0.0,2026.07.08 06:50,2026.07.08 07:33
672,1,6.3,29274.76,29216.15,-369.24,0.0,0.0,2026.07.08 06:50,2026.07.08 07:33
673,1,6.3,29274.76,29216.15,-369.24,0.0,0.0,2026.07.08 06:50,2026.07.08 07:33
678,1,6.1,29685.68,29626.29,-362.28,0.0,0.0,2026.07.10 05:00,2026.07.10 09:17
679,1,12.2,29685.68,29626.29,-724.56,0.0,0.0,2026.07.10 05:00,2026.07.10 09:17
680,1,6.1,29685.68,29626.29,-362.28,0.0,0.0,2026.07.10 05:00,2026.07.10 09:17
681,1,6.1,29685.68,29626.29,-362.28,0.0,0.0,2026.07.10 05:00,2026.07.10 09:17
686,1,6.0,29655.55,29596.09,-356.76,0.0,0.0,2026.07.10 14:30,2026.07.10 15:04
687,1,12.0,29655.55,29596.09,-713.52,0.0,0.0,2026.07.10 14:30,2026.07.10 15:04
688,1,6.0,29655.55,29596.09,-356.76,0.0,0.0,2026.07.10 14:30,2026.07.10 15:04
689,1,6.0,29655.55,29596.09,-356.76,0.0,0.0,2026.07.10 14:30,2026.07.10 15:04
694,1,5.9,29563.43,29504.18,-349.58,0.0,0.0,2026.07.13 13:11,2026.07.13 15:29
695,1,11.9,29563.43,29504.18,-705.08,0.0,0.0,2026.07.13 13:11,2026.07.13 15:29
696,1,5.9,29563.43,29504.18,-349.58,0.0,0.0,2026.07.13 13:11,2026.07.13 15:29
697,1,5.9,29563.43,29504.18,-349.58,0.0,0.0,2026.07.13 13:11,2026.07.13 15:29
702,1,5.8,29767.88,29708.13,-346.55,0.0,0.0,2026.07.15 16:20,2026.07.15 16:37
703,1,11.6,29767.88,29708.13,-693.1,0.0,0.0,2026.07.15 16:20,2026.07.15 16:37
704,1,5.8,29767.88,29708.13,-346.55,0.0,0.0,2026.07.15 16:20,2026.07.15 16:37
705,1,5.8,29767.88,29708.13,-346.55,0.0,0.0,2026.07.15 16:20,2026.07.15 16:37
710,0,11.5,29539.53,29445.72,1078.82,0.0,0.0,2026.07.16 02:19,2026.07.16 04:16
711,0,5.8,29539.53,29598.61,-342.66,0.0,0.0,2026.07.16 02:19,2026.07.16 08:23
712,0,5.8,29539.53,29598.61,-342.66,0.0,0.0,2026.07.16 02:19,2026.07.16 08:23
713,0,5.8,29539.53,29598.61,-342.66,0.0,0.0,2026.07.16 02:19,2026.07.16 08:23
718,1,5.9,28714.6,28656.99,-339.9,0.0,0.0,2026.07.20 03:51,2026.07.20 04:29
719,1,11.9,28714.6,28656.99,-685.56,0.0,0.0,2026.07.20 03:51,2026.07.20 04:29
720,1,5.9,28714.6,28656.99,-339.9,0.0,0.0,2026.07.20 03:51,2026.07.20 04:29
721,1,5.9,28714.6,28656.99,-339.9,0.0,0.0,2026.07.20 03:51,2026.07.20 04:29
726,1,11.7,28717.84,28800.96,972.5,0.0,0.0,2026.07.20 11:33,2026.07.20 12:48
727,1,5.8,28717.84,28885.52,972.54,0.0,0.0,2026.07.20 11:33,2026.07.20 14:30
728,1,5.8,28717.84,28941.45,1296.94,0.0,0.0,2026.07.20 11:33,2026.07.20 14:33
729,1,5.8,28717.84,28787.37,403.27,0.0,0.0,2026.07.20 11:33,2026.07.20 17:11
734,1,5.9,29125.12,29066.74,-344.44,0.0,0.0,2026.07.22 05:30,2026.07.22 06:51
735,1,11.9,29125.12,29066.74,-694.72,0.0,0.0,2026.07.22 05:30,2026.07.22 06:51
736,1,5.9,29125.12,29066.74,-344.44,0.0,0.0,2026.07.22 05:30,2026.07.22 06:51
737,1,5.9,29125.12,29066.74,-344.44,0.0,0.0,2026.07.22 05:30,2026.07.22 06:51
742,1,5.9,29075.01,29016.82,-343.32,0.0,0.0,2026.07.23 04:31,2026.07.23 05:12
743,1,11.7,29075.01,29016.82,-680.82,0.0,0.0,2026.07.23 04:31,2026.07.23 05:12
744,1,5.9,29075.01,29016.82,-343.32,0.0,0.0,2026.07.23 04:31,2026.07.23 05:12
745,1,5.9,29075.01,29016.82,-343.32,0.0,0.0,2026.07.23 04:31,2026.07.23 05:12
750,0,5.8,28967.66,29025.73,-336.81,0.0,0.0,2026.07.23 06:30,2026.07.23 07:34
751,0,11.6,28967.66,29025.73,-673.61,0.0,0.0,2026.07.23 06:30,2026.07.23 07:34
752,0,5.8,28967.66,29025.73,-336.81,0.0,0.0,2026.07.23 06:30,2026.07.23 07:34
753,0,5.8,28967.66,29025.73,-336.81,0.0,0.0,2026.07.23 06:30,2026.07.23 07:34
758,0,11.6,28480.24,28389.84,1048.64,0.0,0.0,2026.07.24 16:35,2026.07.24 16:36
759,0,5.8,28480.24,28301.55,1036.4,0.0,0.0,2026.07.24 16:35,2026.07.24 16:50
760,0,5.8,28480.24,28242.54,1378.66,0.0,0.0,2026.07.24 16:35,2026.07.24 16:52
761,0,5.8,28480.24,28426.51,311.63,0.0,0.0,2026.07.24 16:35,2026.07.24 18:39
766,0,12.4,27705.3,27625.4,990.76,0.0,0.0,2026.07.29 08:48,2026.07.29 09:04
767,0,6.2,27705.3,27760.82,-344.22,0.0,0.0,2026.07.29 08:48,2026.07.29 09:36
768,0,6.2,27705.3,27760.82,-344.22,0.0,0.0,2026.07.29 08:48,2026.07.29 09:36
769,0,6.2,27705.3,27760.82,-344.22,0.0,0.0,2026.07.29 08:48,2026.07.29 09:36
774,0,6.2,27792.47,27848.27,-345.96,0.0,0.0,2026.07.29 16:26,2026.07.29 16:34
775,0,12.3,27792.47,27848.27,-686.34,0.0,0.0,2026.07.29 16:26,2026.07.29 16:34
776,0,6.2,27792.47,27848.27,-345.96,0.0,0.0,2026.07.29 16:26,2026.07.29 16:34
777,0,6.2,27792.47,27848.27,-345.96,0.0,0.0,2026.07.29 16:26,2026.07.29 16:34
782,1,6.1,27502.82,27447.78,-335.74,0.0,0.0,2026.07.30 05:18,2026.07.30 05:40
783,1,12.2,27502.82,27447.78,-671.49,0.0,0.0,2026.07.30 05:18,2026.07.30 05:40
784,1,6.1,27502.82,27447.78,-335.74,0.0,0.0,2026.07.30 05:18,2026.07.30 05:40
785,1,6.1,27502.82,27447.78,-335.74,0.0,0.0,2026.07.30 05:18,2026.07.30 05:40
790,1,12.1,27399.78,27476.76,931.46,0.0,0.0,2026.07.30 12:59,2026.07.30 13:18
791,1,6.1,27399.78,27555.94,952.58,0.0,0.0,2026.07.30 12:59,2026.07.30 14:06
792,1,6.1,27399.78,27608.35,1272.28,0.0,0.0,2026.07.30 12:59,2026.07.30 14:39
793,1,6.1,27399.78,28391.18,6047.54,0.0,-36.54,2026.07.30 12:59,2026.07.31 15:05
798,0,12.6,28447.14,28363.37,1055.5,0.0,0.0,2026.08.03 11:51,2026.08.03 14:06
799,0,6.3,28447.14,28279.5,1056.13,0.0,0.0,2026.08.03 11:51,2026.08.03 15:06
800,0,6.3,28447.14,28223.28,1410.32,0.0,0.0,2026.08.03 11:51,2026.08.03 16:32
801,0,6.3,28447.14,28426.24,131.67,0.0,0.0,2026.08.03 11:51,2026.08.03 16:37
806,1,12.4,29761.04,29850.3,1106.82,0.0,0.0,2026.08.05 12:48,2026.08.05 16:28
807,1,6.2,29761.04,29939.59,1107.01,0.0,0.0,2026.08.05 12:48,2026.08.05 16:43
808,1,6.2,29761.04,29760.97,-0.43,0.0,0.0,2026.08.05 12:48,2026.08.05 17:31
809,1,6.2,29761.04,29760.97,-0.43,0.0,0.0,2026.08.05 12:48,2026.08.05 17:31
814,1,12.8,29429.84,29518.54,1135.36,0.0,0.0,2026.08.07 08:59,2026.08.07 11:11
815,1,6.4,29429.84,29607.12,1134.59,0.0,0.0,2026.08.07 08:59,2026.08.07 15:30
816,1,6.4,29429.84,29666.39,1513.92,0.0,0.0,2026.08.07 08:59,2026.08.07 15:30
817,1,6.4,29429.84,29533.23,661.7,0.0,0.0,2026.08.07 08:59,2026.08.07 17:04
822,1,13.2,29606.46,29700.29,1238.56,0.0,0.0,2026.08.12 06:53,2026.08.12 11:20
823,1,6.6,29606.46,29792.41,1227.27,0.0,0.0,2026.08.12 06:53,2026.08.12 15:29
824,1,6.6,29606.46,29853.08,1627.69,0.0,0.0,2026.08.12 06:53,2026.08.12 16:06
825,1,6.6,29606.46,29735.88,854.17,0.0,0.0,2026.08.12 06:53,2026.08.12 18:34
830,1,13.6,29766.23,29857.56,1242.09,0.0,0.0,2026.08.13 05:32,2026.08.13 16:34
831,1,6.8,29766.23,29947.78,1234.54,0.0,0.0,2026.08.13 05:32,2026.08.13 16:37
832,1,6.8,29766.23,30008.06,1644.44,0.0,0.0,2026.08.13 05:32,2026.08.13 16:46
833,1,6.8,29766.23,30068.09,2052.65,0.0,-40.74,2026.08.13 05:32,2026.08.14 04:01
838,1,14.1,30078.52,30167.32,1252.08,0.0,0.0,2026.08.14 07:43,2026.08.14 13:05
839,1,7.0,30078.52,30078.54,0.14,0.0,0.0,2026.08.14 07:43,2026.08.14 17:23
840,1,7.0,30078.52,30078.54,0.14,0.0,0.0,2026.08.14 07:43,2026.08.14 17:23
841,1,7.0,30078.52,30078.54,0.14,0.0,0.0,2026.08.14 07:43,2026.08.14 17:23
846,1,7.2,29535.66,29476.51,-425.88,0.0,0.0,2026.08.19 12:09,2026.08.19 12:55
847,1,14.5,29535.66,29476.51,-857.68,0.0,0.0,2026.08.19 12:09,2026.08.19 12:55
848,1,7.2,29535.66,29476.51,-425.88,0.0,0.0,2026.08.19 12:09,2026.08.19 12:55
849,1,7.2,29535.66,29476.51,-425.88,0.0,0.0,2026.08.19 12:09,2026.08.19 12:55
854,0,7.1,29491.65,29550.75,-419.61,0.0,0.0,2026.08.19 13:38,2026.08.19 15:34
855,0,14.3,29491.65,29550.75,-845.13,0.0,0.0,2026.08.19 13:38,2026.08.19 15:34
856,0,7.1,29491.65,29550.75,-419.61,0.0,0.0,2026.08.19 13:38,2026.08.19 15:34
857,0,7.1,29491.65,29550.75,-419.61,0.0,0.0,2026.08.19 13:38,2026.08.19 15:34
862,0,14.1,29474.91,29382.1,1308.62,0.0,0.0,2026.08.20 12:09,2026.08.20 14:21
863,0,7.0,29474.91,29291.04,1287.09,0.0,0.0,2026.08.20 12:09,2026.08.20 14:56
864,0,7.0,29474.91,29230.4,1711.57,0.0,0.0,2026.08.20 12:09,2026.08.20 15:08
865,0,7.0,29474.91,29278.83,1372.56,0.0,7.72,2026.08.20 12:09,2026.08.21 03:07
870,0,7.4,29269.98,29328.71,-434.6,0.0,0.0,2026.08.21 04:57,2026.08.21 05:23
871,0,14.8,29269.98,29328.71,-869.2,0.0,0.0,2026.08.21 04:57,2026.08.21 05:23
872,0,7.4,29269.98,29328.71,-434.6,0.0,0.0,2026.08.21 04:57,2026.08.21 05:23
873,0,7.4,29269.98,29328.71,-434.6,0.0,0.0,2026.08.21 04:57,2026.08.21 05:23
